<?xml version="1.0" encoding="UTF-8"?>
<GenRun Id="synth_1" LaunchPart="xc7z007sclg225-1" LaunchTime="1532464544">
  <File Type="PA-TCL" Name="minized_petalinux_wrapper.tcl"/>
  <File Type="REPORTS-TCL" Name="minized_petalinux_wrapper_reports.tcl"/>
  <File Type="RDS-RDS" Name="minized_petalinux_wrapper.vds"/>
  <File Type="RDS-UTIL" Name="minized_petalinux_wrapper_utilization_synth.rpt"/>
  <File Type="RDS-UTIL-PB" Name="minized_petalinux_wrapper_utilization_synth.pb"/>
  <File Type="RDS-DCP" Name="minized_petalinux_wrapper.dcp"/>
  <FileSet Name="sources" Type="DesignSrcs" RelSrcDir="$PSRCDIR/sources_1">
    <Filter Type="Srcs"/>
    <File Path="$PSRCDIR/sources_1/imports/vhdl/wireless_mgr.vhd">
      <FileInfo>
        <Attr Name="ImportPath" Val="$PPRDIR/../../../workspace/avnet/hdl/IP/minized/hdl/vhdl/wireless_mgr.vhd"/>
        <Attr Name="ImportTime" Val="1528877362"/>
        <Attr Name="UsedIn" Val="synthesis"/>
        <Attr Name="UsedIn" Val="simulation"/>
      </FileInfo>
    </File>
    <File Path="$PSRCDIR/sources_1/bd/minized_petalinux/minized_petalinux.bd">
      <FileInfo>
        <Attr Name="ImportPath" Val="$PPRDIR/../../../PhD_project/Optical_Flow/ABMOF_FPGA/minized_petalinux_vivado_prj/minized_petalinux.srcs/sources_1/bd/minized_petalinux/minized_petalinux.bd"/>
        <Attr Name="ImportTime" Val="1531475649"/>
        <Attr Name="UsedIn" Val="synthesis"/>
        <Attr Name="UsedIn" Val="implementation"/>
        <Attr Name="UsedIn" Val="simulation"/>
      </FileInfo>
    </File>
    <File Path="$PSRCDIR/sources_1/bd/minized_petalinux/hdl/minized_petalinux_wrapper.vhd">
      <FileInfo>
        <Attr Name="ImportPath" Val="$PPRDIR/../../../PhD_project/Optical_Flow/ABMOF_FPGA/minized_petalinux_vivado_prj/minized_petalinux.srcs/sources_1/bd/minized_petalinux/hdl/minized_petalinux_wrapper.vhd"/>
        <Attr Name="ImportTime" Val="1532464538"/>
        <Attr Name="UsedIn" Val="synthesis"/>
        <Attr Name="UsedIn" Val="simulation"/>
      </FileInfo>
    </File>
    <Config>
      <Option Name="DesignMode" Val="RTL"/>
      <Option Name="TopModule" Val="minized_petalinux_wrapper"/>
      <Option Name="TopAutoSet" Val="TRUE"/>
    </Config>
  </FileSet>
  <FileSet Name="constrs_in" Type="Constrs" RelSrcDir="$PSRCDIR/constrs_1">
    <Filter Type="Constrs"/>
    <File Path="$PSRCDIR/constrs_1/imports/hdl/Boards/MINIZED/minized_LEDs.xdc">
      <FileInfo>
        <Attr Name="ImportPath" Val="$PPRDIR/../../../workspace/avnet/hdl/Boards/MINIZED/minized_LEDs.xdc"/>
        <Attr Name="ImportTime" Val="1528877362"/>
        <Attr Name="UsedIn" Val="synthesis"/>
        <Attr Name="UsedIn" Val="implementation"/>
      </FileInfo>
    </File>
    <File Path="$PSRCDIR/constrs_1/imports/hdl/Boards/bitstream_compression_enable.xdc">
      <FileInfo>
        <Attr Name="ImportPath" Val="$PPRDIR/../../../workspace/avnet/hdl/Boards/bitstream_compression_enable.xdc"/>
        <Attr Name="ImportTime" Val="1528877362"/>
        <Attr Name="UsedIn" Val="synthesis"/>
        <Attr Name="UsedIn" Val="implementation"/>
      </FileInfo>
    </File>
    <File Path="$PSRCDIR/constrs_1/imports/hdl/Projects/minized_petalinux/minized_petalinux.xdc">
      <FileInfo>
        <Attr Name="ImportPath" Val="$PPRDIR/../../../workspace/avnet/hdl/Projects/minized_petalinux/minized_petalinux.xdc"/>
        <Attr Name="ImportTime" Val="1528877364"/>
        <Attr Name="UsedIn" Val="synthesis"/>
        <Attr Name="UsedIn" Val="implementation"/>
      </FileInfo>
    </File>
    <Config>
      <Option Name="ConstrsType" Val="XDC"/>
    </Config>
  </FileSet>
  <Strategy Version="1" Minor="2">
    <StratHandle Name="Vivado Synthesis Defaults" Flow="Vivado Synthesis 2018"/>
    <Step Id="synth_design"/>
  </Strategy>
</GenRun>
