<?xml version="1.0" encoding="UTF-8"?>
<GenRun Id="impl_1" LaunchPart="xc7z007sclg225-1" LaunchTime="1532464548">
  <File Type="PWROPT-DCP" Name="minized_petalinux_wrapper_pwropt.dcp"/>
  <File Type="ROUTE-PWR" Name="minized_petalinux_wrapper_power_routed.rpt"/>
  <File Type="PA-TCL" Name="minized_petalinux_wrapper.tcl"/>
  <File Type="ROUTE-PWR-SUM" Name="minized_petalinux_wrapper_power_summary_routed.pb"/>
  <File Type="REPORTS-TCL" Name="minized_petalinux_wrapper_reports.tcl"/>
  <File Type="BG-DRC" Name="minized_petalinux_wrapper.drc"/>
  <File Type="OPT-DCP" Name="minized_petalinux_wrapper_opt.dcp"/>
  <File Type="OPT-HWDEF" Name="minized_petalinux_wrapper.hwdef"/>
  <File Type="OPT-DRC" Name="minized_petalinux_wrapper_drc_opted.rpt"/>
  <File Type="PLACE-DCP" Name="minized_petalinux_wrapper_placed.dcp"/>
  <File Type="PLACE-IO" Name="minized_petalinux_wrapper_io_placed.rpt"/>
  <File Type="PLACE-UTIL" Name="minized_petalinux_wrapper_utilization_placed.rpt"/>
  <File Type="PLACE-UTIL-PB" Name="minized_petalinux_wrapper_utilization_placed.pb"/>
  <File Type="PLACE-CTRL" Name="minized_petalinux_wrapper_control_sets_placed.rpt"/>
  <File Type="PLACE-PRE-SIMILARITY" Name="minized_petalinux_wrapper_incremental_reuse_pre_placed.rpt"/>
  <File Type="POSTPLACE-PWROPT-DCP" Name="minized_petalinux_wrapper_postplace_pwropt.dcp"/>
  <File Type="PHYSOPT-DCP" Name="minized_petalinux_wrapper_physopt.dcp"/>
  <File Type="BG-BIT" Name="minized_petalinux_wrapper.bit"/>
  <File Type="ROUTE-ERROR-DCP" Name="minized_petalinux_wrapper_routed_error.dcp"/>
  <File Type="ROUTE-DCP" Name="minized_petalinux_wrapper_routed.dcp"/>
  <File Type="ROUTE-BLACKBOX-DCP" Name="minized_petalinux_wrapper_routed_bb.dcp"/>
  <File Type="ROUTE-DRC" Name="minized_petalinux_wrapper_drc_routed.rpt"/>
  <File Type="ROUTE-DRC-PB" Name="minized_petalinux_wrapper_drc_routed.pb"/>
  <File Type="BITSTR-MSK" Name="minized_petalinux_wrapper.msk"/>
  <File Type="ROUTE-DRC-RPX" Name="minized_petalinux_wrapper_drc_routed.rpx"/>
  <File Type="BG-BGN" Name="minized_petalinux_wrapper.bgn"/>
  <File Type="ROUTE-METHODOLOGY-DRC" Name="minized_petalinux_wrapper_methodology_drc_routed.rpt"/>
  <File Type="BITSTR-RBT" Name="minized_petalinux_wrapper.rbt"/>
  <File Type="ROUTE-METHODOLOGY-DRC-RPX" Name="minized_petalinux_wrapper_methodology_drc_routed.rpx"/>
  <File Type="BG-BIN" Name="minized_petalinux_wrapper.bin"/>
  <File Type="ROUTE-METHODOLOGY-DRC-PB" Name="minized_petalinux_wrapper_methodology_drc_routed.pb"/>
  <File Type="ROUTE-PWR-RPX" Name="minized_petalinux_wrapper_power_routed.rpx"/>
  <File Type="ROUTE-STATUS" Name="minized_petalinux_wrapper_route_status.rpt"/>
  <File Type="ROUTE-STATUS-PB" Name="minized_petalinux_wrapper_route_status.pb"/>
  <File Type="ROUTE-TIMINGSUMMARY" Name="minized_petalinux_wrapper_timing_summary_routed.rpt"/>
  <File Type="ROUTE-TIMING-PB" Name="minized_petalinux_wrapper_timing_summary_routed.pb"/>
  <File Type="ROUTE-TIMING-RPX" Name="minized_petalinux_wrapper_timing_summary_routed.rpx"/>
  <File Type="RDI-RDI" Name="minized_petalinux_wrapper.vdi"/>
  <File Type="ROUTE-CLK" Name="minized_petalinux_wrapper_clock_utilization_routed.rpt"/>
  <File Type="POSTROUTE-PHYSOPT-DCP" Name="minized_petalinux_wrapper_postroute_physopt.dcp"/>
  <File Type="POSTROUTE-PHYSOPT-BLACKBOX-DCP" Name="minized_petalinux_wrapper_postroute_physopt_bb.dcp"/>
  <File Type="BITSTR-NKY" Name="minized_petalinux_wrapper.nky"/>
  <File Type="BITSTR-BMM" Name="minized_petalinux_wrapper_bd.bmm"/>
  <File Type="BITSTR-MMI" Name="minized_petalinux_wrapper.mmi"/>
  <File Type="BITSTR-LTX" Name="minized_petalinux_wrapper.ltx"/>
  <File Type="BITSTR-SYSDEF" Name="minized_petalinux_wrapper.sysdef"/>
  <File Type="WBT-USG" Name="usage_statistics_webtalk.html"/>
  <FileSet Name="sources" Type="DesignSrcs" RelSrcDir="$PSRCDIR/sources_1">
    <Filter Type="Srcs"/>
    <File Path="$PSRCDIR/sources_1/imports/vhdl/wireless_mgr.vhd">
      <FileInfo>
        <Attr Name="ImportPath" Val="$PPRDIR/../../../workspace/avnet/hdl/IP/minized/hdl/vhdl/wireless_mgr.vhd"/>
        <Attr Name="ImportTime" Val="1528877362"/>
        <Attr Name="UsedIn" Val="synthesis"/>
        <Attr Name="UsedIn" Val="simulation"/>
      </FileInfo>
    </File>
    <File Path="$PSRCDIR/sources_1/bd/minized_petalinux/minized_petalinux.bd">
      <FileInfo>
        <Attr Name="ImportPath" Val="$PPRDIR/../../../PhD_project/Optical_Flow/ABMOF_FPGA/minized_petalinux_vivado_prj/minized_petalinux.srcs/sources_1/bd/minized_petalinux/minized_petalinux.bd"/>
        <Attr Name="ImportTime" Val="1531475649"/>
        <Attr Name="UsedIn" Val="synthesis"/>
        <Attr Name="UsedIn" Val="implementation"/>
        <Attr Name="UsedIn" Val="simulation"/>
      </FileInfo>
    </File>
    <File Path="$PSRCDIR/sources_1/bd/minized_petalinux/hdl/minized_petalinux_wrapper.vhd">
      <FileInfo>
        <Attr Name="ImportPath" Val="$PPRDIR/../../../PhD_project/Optical_Flow/ABMOF_FPGA/minized_petalinux_vivado_prj/minized_petalinux.srcs/sources_1/bd/minized_petalinux/hdl/minized_petalinux_wrapper.vhd"/>
        <Attr Name="ImportTime" Val="1532464538"/>
        <Attr Name="UsedIn" Val="synthesis"/>
        <Attr Name="UsedIn" Val="simulation"/>
      </FileInfo>
    </File>
    <Config>
      <Option Name="DesignMode" Val="RTL"/>
      <Option Name="TopModule" Val="minized_petalinux_wrapper"/>
      <Option Name="TopAutoSet" Val="TRUE"/>
    </Config>
  </FileSet>
  <FileSet Name="constrs_in" Type="Constrs" RelSrcDir="$PSRCDIR/constrs_1">
    <Filter Type="Constrs"/>
    <File Path="$PSRCDIR/constrs_1/imports/hdl/Boards/MINIZED/minized_LEDs.xdc">
      <FileInfo>
        <Attr Name="ImportPath" Val="$PPRDIR/../../../workspace/avnet/hdl/Boards/MINIZED/minized_LEDs.xdc"/>
        <Attr Name="ImportTime" Val="1528877362"/>
        <Attr Name="UsedIn" Val="synthesis"/>
        <Attr Name="UsedIn" Val="implementation"/>
      </FileInfo>
    </File>
    <File Path="$PSRCDIR/constrs_1/imports/hdl/Boards/bitstream_compression_enable.xdc">
      <FileInfo>
        <Attr Name="ImportPath" Val="$PPRDIR/../../../workspace/avnet/hdl/Boards/bitstream_compression_enable.xdc"/>
        <Attr Name="ImportTime" Val="1528877362"/>
        <Attr Name="UsedIn" Val="synthesis"/>
        <Attr Name="UsedIn" Val="implementation"/>
      </FileInfo>
    </File>
    <File Path="$PSRCDIR/constrs_1/imports/hdl/Projects/minized_petalinux/minized_petalinux.xdc">
      <FileInfo>
        <Attr Name="ImportPath" Val="$PPRDIR/../../../workspace/avnet/hdl/Projects/minized_petalinux/minized_petalinux.xdc"/>
        <Attr Name="ImportTime" Val="1528877364"/>
        <Attr Name="UsedIn" Val="synthesis"/>
        <Attr Name="UsedIn" Val="implementation"/>
      </FileInfo>
    </File>
    <Config>
      <Option Name="ConstrsType" Val="XDC"/>
    </Config>
  </FileSet>
  <Strategy Version="1" Minor="2">
    <StratHandle Name="Vivado Implementation Defaults" Flow="Vivado Implementation 2018"/>
    <Step Id="init_design"/>
    <Step Id="opt_design"/>
    <Step Id="power_opt_design"/>
    <Step Id="place_design"/>
    <Step Id="post_place_power_opt_design"/>
    <Step Id="phys_opt_design"/>
    <Step Id="route_design"/>
    <Step Id="post_route_phys_opt_design"/>
    <Step Id="write_bitstream"/>
  </Strategy>
</GenRun>
